<?xml version="1.0" encoding="UTF-8"?><metadata>
    <idinfo>
        <citation>
            <citeinfo>
                <origin/>
                <pubdate>20000101</pubdate>
                <title>BoundaryOther_ZCTA2000</title>
                <edition>January 1, 2000</edition>
                <geoform>vector digital data</geoform>
                <serinfo>
                    <sername>2000 5-Digit ZIP Code Tabulation Areas (ZCTAs) for Vermont</sername>
                    <issue>TIGER/Line Files, 2000</issue>
                </serinfo>
                <pubinfo>
                    <pubplace/>
                    <publish>U.S. Department of Commerce U.S. Census Bureau Geography Division</publish>
                </pubinfo>
                <othercit>Tile Structure - STATE</othercit>
                <onlink>http://maps.vcgi.vermont.gov/gisdata/vcgi/packaged_zips/BoundaryOther_ZCTA2000.zip</onlink>
            </citeinfo>
        </citation>
        <descript>
            <abstract>(Link to Metadata) A ZIP Code Tabulation Area (ZCTA) is a statistical geographic entity that approximates the delivery area for a U.S. Postal Service five-digit digit ZIP Code. ZCTAs are aggregations of census blocks that have the same predominant ZIP Code associated with the addresses in the U.S. Census Bureau's Master Address File (MAF). ZCTAs do not precisely depict ZIP Code delivery areas, and do not include all ZIP Codes used for mail delivery. The U.S. Census Bureau has established ZCTAs as a new geographic entity similar to, but replacing, data tabulations for ZIP Codes undertaken in conjunction with the 1990 and earlier censuses. ZIP Code Tabulation Areas (ZCTAs) are a new statistical entity developed by the U.S. Census Bureau for tabulating summary statistics from Census 2000. This new entity was developed to overcome the difficulties in precisely defining the land area covered by each ZIP Code?. Defining the extent of an area is necessary in order to accurately tabulate census data for that area. ZCTAs are generalized area representations of U.S. Postal Service (USPS) ZIP Code service areas. Simply put, each one is built by aggregating the Census 2000 blocks, whose addresses use a given ZIP Code, into a ZCTA which gets that ZIP Code assigned as its ZCTA code. They represent the majority USPS five-digit ZIP Code found in a given area. For those areas where it is difficult to determine the prevailing five-digit ZIP Code, the higher-level three-digit ZIP Code is used for the ZCTA code. TIGER, TIGER/Line, and Census TIGER are registered trademarks of the U.S. Census Bureau. ZCTA is a trademark of the U.S. Census Bureau.</abstract>
            <purpose>To provide Vermont GIS (VGIS) users with an approximated ZIP code boundary layer. It should be noted that ZCTAs do not precisely depict ZIP Code delivery areas, and do not include all ZIP Codes used for mail delivery. Please refer to the Supplemental_Information section below.</purpose>
            <supplinf>To find out more about TIGER/Line files and other Census TIGER database derived data sets visit http://www.census.gov/geo/www/tiger. For specific information about Census ZCTA data go to http://www.census.gov/geo/ZCTA/zcta.html and http://www.census.gov/geo/www/cob/zt_metadata.html.</supplinf>
        </descript>
        <timeperd>
            <timeinfo>
                <sngdate>
                    <caldate>20000101</caldate>
                </sngdate>
            </timeinfo>
            <current>2000</current>
        </timeperd>
        <status>
            <progress>Complete</progress>
        </status>
        <spdom>
            <bounding>
                <westbc>-73.454162</westbc>
                <eastbc>-71.465281</eastbc>
                <northbc>45.018361</northbc>
                <southbc>42.722789</southbc>
            </bounding>
        </spdom>
        <keywords>
            <theme>
                <themekt>ISO 19115 Topic Category</themekt>
                <themekey>boundaries</themekey>
            </theme>
            <theme>
                <themekt>FGDC Framework Themes</themekt>
                <themekey>FWGOVERNMENTAL UNITS</themekey>
            </theme>
            <theme>
                <themekt>None</themekt>
                <themekey>ZIP Code Tabulation Area</themekey>
                <themekey>ZCTA</themekey>
                <themekey>ZIP code boundary</themekey>
            </theme>
            <place>
                <placekt>None</placekt>
                <placekey>Vermont</placekey>
            </place>
        </keywords>
        <accconst>VCGI and the State of VT make no representations of any kind, including but not limited to the warranties of merchantability or fitness for a particular use, nor are any such warranties to be implied with respect to the data.</accconst>
        <useconst>VCGI and the State of VT make no representations of any kind, including but not limited to the warranties of merchantability or fitness for a particular use, nor are any such warranties to be implied with respect to the data, service, or application.</useconst>
        <datacred>U.S. Census Bureau</datacred>
        <native>TIGER/Line files are created and processed in a VMS environment. The environment consists of two Alpha Server 8400s clustered together running OpenVMS version 6.2-1H3 used for production operations. The Census TIGER system is driven by DEC Command language (DCL) procedures which invoke C software routines to extract selected geographic and cartographic information (TIGER/Line files) from the operational Census TIGER database. VCGI downloaded and ArcInfo Interchange File (E00) from the Census Bureau's website and reprojected it into the VT State Plane Meters NAD83 using ArcInfo Workstation 8.0.1 (Tru64 Unix).</native>
    </idinfo>
    <dataqual>
        <attracc>
            <attraccr>http://www.census.gov/geo/ZCTA/zcta.html http://www.census.gov/geo/ZCTA/zcta_tech_doc.pdf</attraccr>
        </attracc>
        <logic>http://www.census.gov/geo/ZCTA/zcta.html http://www.census.gov/geo/ZCTA/zcta_tech_doc.pdf</logic>
        <complete>http://www.census.gov/geo/ZCTA/zcta.html http://www.census.gov/geo/ZCTA/zcta_tech_doc.pdf</complete>
        <posacc>
            <horizpa>
                <horizpar>http://www.census.gov/geo/ZCTA/zcta.html http://www.census.gov/geo/ZCTA/zcta_tech_doc.pdf</horizpar>
            </horizpa>
        </posacc>
        <lineage>
            <srcinfo>
                <srccite>
                    <citeinfo>
                        <pubdate>20000101</pubdate>
                        <title>5-digit ZIP Code Tablulation Areas extracted from 2000 Census TIGER database</title>
                    </citeinfo>
                </srccite>
                <typesrc>None</typesrc>
                <srctime>
                    <timeinfo>
                        <sngdate>
                            <caldate>20000101</caldate>
                        </sngdate>
                    </timeinfo>
                    <srccurr>2000</srccurr>
                </srctime>
                <srccitea>5-digit ZIP Code Tablulation Areas extracted from 2000 Census TIGER database</srccitea>
                <srccontr>2000 5-digit ZCTAs extracted from January 1, 2000 TIGER line files. Refer to http://www.census.gov/geo/ZCTA/zcta_tech_doc.pdf for details</srccontr>
            </srcinfo>
            <procstep>
                <procdesc>2000 5-digit ZCTAs extracted from January 1, 2000 TIGER line files. Refer to http://www.census.gov/geo/ZCTA/zcta_tech_doc.pdf for details</procdesc>
                <procdate>20010101</procdate>
                <proccont>
                    <cntinfo>
                        <cntorgp>
                            <cntorg>U.S. Census Bureau</cntorg>
                        </cntorgp>
                    </cntinfo>
                </proccont>
            </procstep>
            <procstep>
                <procdesc>VCGI downloaded 2000 ZCTA 5-digit boundary data from http://www.census.gov/geo/www/cob/z52000.html. Data imported info ArcInfo Workstations via IMPORT command. Reproject into VT Coordinate System. Developed metadata record from information available on Census website. Loaded data into VGIS Data Warehouse. This data layer replaces BoundaryOther_VTZIP (which was archived 9/2003).</procdesc>
                <procdate>20030909</procdate>
                <proccont>
                    <cntinfo>
                        <cntorgp>
                            <cntorg>VCGI</cntorg>
                            <cntper>Steve Sharp</cntper>
                        </cntorgp>
                        <cntpos>GIS Database Administrator</cntpos>
                    </cntinfo>
                </proccont>
            </procstep>
        </lineage>
    </dataqual>
    <spdoinfo>
        <direct>Vector</direct>
        <ptvctinf>
            <sdtsterm>
                <sdtstype>Entity point</sdtstype>
                <ptvctcnt>4</ptvctcnt>
            </sdtsterm>
            <sdtsterm>
                <sdtstype>Entity point</sdtstype>
                <ptvctcnt>318</ptvctcnt>
            </sdtsterm>
            <sdtsterm>
                <sdtstype>GT-polygon composed of chains</sdtstype>
                <ptvctcnt>318</ptvctcnt>
            </sdtsterm>
            <sdtsterm>
                <sdtstype>Complete chain</sdtstype>
                <ptvctcnt>903</ptvctcnt>
            </sdtsterm>
        </ptvctinf>
    </spdoinfo>
    <eainfo>
        <detailed>
            <enttyp>
                <enttypl>ZCTA2000.PAT (polygons)</enttypl>
            </enttyp>
            <attr>
                <attrlabl>FID</attrlabl>
                <attrdef>Internal feature number.</attrdef>
                <attrdefs>ESRI</attrdefs>
                <attrdomv>
                    					
                    <udom>Sequential unique whole numbers that are automatically generated.</udom>
                    				
                </attrdomv>
            </attr>
            <attr>
                <attrlabl>Shape</attrlabl>
                <attrdef>Feature geometry.</attrdef>
                <attrdefs>ESRI</attrdefs>
                <attrdomv>
                    					
                    <udom>Coordinates defining the features.</udom>
                    				
                </attrdomv>
            </attr>
            <attr>
                <attrlabl>AREA</attrlabl>
                <attrdef>Area of feature in internal units squared.</attrdef>
                <attrdefs>ESRI</attrdefs>
                <attrdomv>
                    					
                    <udom>Positive real numbers that are automatically generated.</udom>
                    				
                </attrdomv>
            </attr>
            <attr>
                <attrlabl>PERIMETER</attrlabl>
                <attrdef>Perimeter of feature in internal units.</attrdef>
                <attrdefs>ESRI</attrdefs>
                <attrdomv>
                    					
                    <udom>Positive real numbers that are automatically generated.</udom>
                    				
                </attrdomv>
            </attr>
            <attr>
                <attrlabl>ZCTA2000#</attrlabl>
                <attrdef>Internal feature number.</attrdef>
                <attrdefs>ESRI</attrdefs>
                <attrdomv>
                    					
                    <udom>Sequential unique whole numbers that are automatically generated.</udom>
                    				
                </attrdomv>
            </attr>
            <attr>
                <attrlabl>ZCTA2000-ID</attrlabl>
                <attrdef>User-defined feature number.</attrdef>
                <attrdefs>ESRI</attrdefs>
            </attr>
            <attr>
                <attrlabl>ZCTA</attrlabl>
                <attrdef>Zip Code Tabulation Area code (similar to ZIP code). ZCTAs are aggregations of census blocks that have the same predominant ZIP Code
associated with the addresses in the U.S. Census Bureau's Master Address File (MAF).</attrdef>
                <attrdefs>U.S. Census Bureau</attrdefs>
            </attr>
            <attr>
                <attrlabl>NAME</attrlabl>
                <attrdef>Same as ZCTA</attrdef>
                <attrdefs>U.S. Census Bureau</attrdefs>
            </attr>
            <attr>
                <attrlabl>LSAD</attrlabl>
                <attrdef>Legal/Statistical Area code</attrdef>
                <attrdefs>U.S. Census Bureau</attrdefs>
            </attr>
            <attr>
                <attrlabl>LSAD_TRANS</attrlabl>
                <attrdef>Legal/Statistical Area code description</attrdef>
                <attrdefs>U.S. Census Bureau</attrdefs>
            </attr>
        </detailed>
        <overview>
            <eaover>ZCTA polygons contain a ZIP code tabulation area value for every polygon (ZCTA).  These
values generally match U.S. Postal Service ZIP codes values.</eaover>
            <eadetcit>http://www.census.gov/geo/www/cob/zt_metadata.html http://www.census.gov/geo/ZCTA/zcta_tech_doc.pdf</eadetcit>
        </overview>
    </eainfo>
    <distinfo>
        <distrib>
            <cntinfo>
                <cntorgp>
                    <cntorg>VT Center for Geographic Information</cntorg>
                </cntorgp>
                <cntaddr>
                    <addrtype>mailing and physical</addrtype>
                    <address>1 National Life Dr., Davis Building, 6th Floor</address>
                    <city>Montpelier</city>
                    <state>VT</state>
                    <postal>05620-0501</postal>
                    <country>US</country>
                </cntaddr>
                <cntvoice>802/882-3002</cntvoice>
                <cnttdd>None</cnttdd>
                <cntfax>802/828-3383</cntfax>
                <cntemail>accd.vcgiinfo@vermont.gov</cntemail>
                <hours>9am - 5pm, M-F</hours>
            </cntinfo>
        </distrib>
        <resdesc>Download from web site.</resdesc>
        <distliab>VCGI and the State of Vermont make no representations of any kind, including but not limited to the warranties of merchantability or fitness for a particular use, nor are any such warranties to be implied with respect to the data.</distliab>
        <stdorder>
            <digform>
                <digtinfo>
                    <formname>SHP</formname>
                    <formspec>ESRI Shapefile format (compressed to ZIP format)</formspec>
                    <formcont>geospatial data</formcont>
                    <filedec>ZIP decompression software</filedec>
                </digtinfo>
                <digtopt>
                    <onlinopt>
                        <computer>
                            <networka>
                                <networkr>http://maps.vcgi.vermont.gov/gisdata/vcgi/packaged_zips/BoundaryOther_ZCTA2000.zip</networkr>
                            </networka>
                        </computer>
                        <accinstr>Download from web site.</accinstr>
                    </onlinopt>
                    <offoptn>
                        <offmedia>USBFlashDrive</offmedia>
                    </offoptn>
                </digtopt>
            </digform>
            <fees>No charge when downloading from the internet, and when no custom processing is required.</fees>
            <ordering>Send an email describing data request to accd.vcgiinfo@vermont.gov</ordering>
            <turnarnd>About 5 days.</turnarnd>
        </stdorder>
        <availabl>
            <timeinfo>
                <sngdate>
                    <caldate>20030909</caldate>
                </sngdate>
            </timeinfo>
        </availabl>
    </distinfo>
    <metainfo>
        <metd>20030909</metd>
        <metc>
            <cntinfo>
                <cntorgp>
                    <cntorg>VT Center for Geographic Information</cntorg>
                    <cntper>GIS Database Administrator</cntper>
                </cntorgp>
                <cntaddr>
                    <addrtype>mailing and physical</addrtype>
                    <address>1 National Life Dr., Davis Building, 6th Floor</address>
                    <city>Montpelier</city>
                    <state>VT</state>
                    <postal>05620-0501</postal>
                    <country>US</country>
                </cntaddr>
                <cntvoice>802/882-3002</cntvoice>
                <cnttdd>None</cnttdd>
                <cntfax>802/828-3383</cntfax>
            </cntinfo>
        </metc>
        <metstdn>FGDC Content Standard for Digital Geospatial Metadata</metstdn>
        <metstdv>FGDC-STD-001-1998</metstdv>
        <mettc>local time</mettc>
        <metsi>
            <metscs>N/A</metscs>
            <metsc>Unclassified</metsc>
            <metshd>No security considerations</metshd>
        </metsi>
    </metainfo>
</metadata>
